frame,has_like_rate,has_reply_rate,high_engagement_rate,avg_like_all,avg_like_if_any
Gain,0.944954128440367,0.39908256880733944,0.44495412844036697,2.963302752293578,3.1359223300970873
Loss,0.9617224880382775,0.4019138755980861,0.45454545454545453,2.9569377990430623,3.074626865671642
