frame,has_engagement,VP
Gain,0,0.16666666666666666
Gain,1,0.21844660194174756
Loss,0,0.125
Loss,1,0.30845771144278605
